{"cameraMode":{"drawMode":0,"name":"Shaded","section":"Shading Mode"},"sceneLighting":true,"audioPlay":false,"sceneViewState":{"showFog":true,"showMaterialUpdate":true,"showSkybox":true,"showFlares":true,"showImageEffects":true,"showParticleSystems":true},"in2DMode":false,"pivot":{"x":-303.658203125,"y":-32.58345031738281,"z":753.701904296875},"rotation":{"x":-0.23752938210964204,"y":-0.3530661463737488,"z":0.09316601604223252,"w":-0.9001356363296509},"size":510.2659912109375,"orthographic":false}