{"cameraMode":{"drawMode":0,"name":"Shaded","section":"Shading Mode"},"sceneLighting":true,"audioPlay":false,"sceneViewState":{"showFog":true,"showMaterialUpdate":false,"showSkybox":true,"showFlares":true,"showImageEffects":true,"showParticleSystems":true},"in2DMode":false,"pivot":{"x":-1393.854736328125,"y":-56.562747955322269,"z":261.6283874511719},"rotation":{"x":0.2826111316680908,"y":-0.551939070224762,"z":0.2060575783252716,"w":0.7569904923439026},"size":124.4061508178711,"orthographic":false}